Workbook

Sheet Guidance
C2: IEC 61282-14 Supplemental Data for Section 8
B4: INTERNATIONAL ELECTROTECHNICAL COMMISSION
A8: 1 | B8: Introduction
B9: This workbook provides a tool for estimating measurement uncertainties as described in IEC 61282-14.
B10: The tool and its instructions presume that the user has a basic understanding of IEC 61282-14 and Microsoft Excel.
A12: 2 | B12: Overview
B13: This workbook consists of the following 3 worksheets:
B14: Guidance
B15: This worksheet provides guidance on the use of the workbook.
B16: Uncertainties estimation
B17: This worksheet provides uncertainties calculation as described in IEC 61282-14 (Cells "D12" and "D13").
B18: It shall be configured to estimate the measurement uncertainties (see Item 3).
B19: Uncertainties sources
B20: This worksheet reproduces IEC 61282-14, Table 5, Table 6, Table 8 and typical uncertainty values.
B21: This worksheet shall not be altered.
A23: 3 | B23: Initialisation
B24: Please setup measurement conditions (Worksheet "Uncertainties estimation" cells J4 to J12).
B25: This worksheet provides the calculation of uncertainties as described in IEC 61282-14 (Cells "D12" and "D13").
B26: Type of connector: Indicate if the connectors are angled or not (APC or PC).
B27: Number of OPM used: Select "1" if the same OPM is used for reference and attenuation measurement; otherwise select "2".
B28: Source wavelength: Enter the source wavelength in nm. Enter the exact value if this value is known.
B29: Uncertainty of wavelength knowledge: Enter the uncertainty associated with the source wavelength.
B30: Measured attenuation: Enter the range of measured attenuation in dB (important for multimode fibre).
B31: Fiber length: Enter the estimated length of fibre.
B32: Source output power: Enter the typical power level of the source.
A34: 4 | B34: Notes related to this version of the document
B35: Version: Ed.1
B36: Limitations / Known issues:
B37: - Uncertainties values are typical values provided as examples (see comments)
B38: - Multimode fibres are limited to 60793-2-10 type A1a only.
B39: - Same type of connector shall be used. Note b) of Clause 7, Tables 5 and 6, always applies.
B40: - OPM noise level is set to 100 pW (fixed value).
A42: 5 | B42: Disclaimer
B43: The IEC disclaims liability for any personal injury, property or other damages of any nature whatsoever, whether special, indirect, consequential or compensatory, directly or indirectly resulting from this software and the document upon which its methods are based, used for, or relied upon.

Sheet Uncertainties_estimation
B2: Determination of the uncertainties of the attenuation measurements in fibre plants | I2: IEC 61282-14 Supplemental Data for Section 8
F4: Measurement Conditions :
C5: ui | D5: (ui)2 | F5: Method: | J5: SM-1 cord
B6: =B16 -> Uncertainties due to measuring instruments | C6: =K28 -> 1.7407018 | D6: =C6^2 -> 3.0300427 | F6: Type of connectors: | J6: PC
B7: =B29 -> Relative uncertainty due to the setup | C7: =K34 -> 0 | D7: =C7^2 -> 0 | F7: Number of OPM used: | J7: 1
B8: =B35 -> Relative uncertainties due to cabling | C8: =K40 -> 2.0992861 | D8: =C8^2 -> 4.407002 | F8: Source wavelength: | J8: 1550 | K8: nm
B9: u(AttDUT) | D9: =SQRT((D6)+(D7)+(D8)) -> 2.7270946 | F9: Uncertainty of wavelength knowledge: | J9: 30 | K9: nm
B10: Exp factor k, if neff <50 k = Student's t for neff and CL 95% otherwise k=2 | D10: =IF(L43>49,2,IF(ROUNDDOWN(L43,0)-L43=0,TINV(0.05,L43),(L43-ROUNDDOWN(L43,0))*(TINV(0.05,ROUNDUP(L43,0))-TINV(0.05,ROUNDDOWN(L43,0)))/(ROUNDUP(L43,0)-ROUNDDOWN(L43,0))+TINV(0.05,ROUNDDOWN(L43,0)))) -> 2 | F10: Measured attenuation: | J10: 5 | K10: dB
B11: U(AttDUT) | D11: =D10*D9 -> 5.4541891 | F11: Fibre length: | J11: 10 | K11: km
B12: Total relative uncertainty | C12: % | D12: =IF(K13="Yes",D11,"NA") -> 5.4541891 | F12: Source output power: | J12: -10 | K12: dBm
C13: dB | D13: =IF(K13="yes",0.0434*D12,"NA") -> 0.23671181 | F13: Valid measurement conditions: | K13: =IF(OR(Uncertainties_estimation!J5="SM-1 cord",Uncertainties_estimation!J5="SM-2 cords",Uncertainties_estimation!J5="SM-3 cords",Uncertainties_estimation!J5="14763-3 SM Ch.",Uncertainties_estimation!J5="14763-3 SM Link"),IF(AND(Uncertainties_estimation!J8>=1285,Uncertainties_estimation!J8<=1675,Uncertainties_estimation!J10>0.25*Uncertainties_estimation!J11),"Yes","No"), IF(AND(Uncertainties_estimation!J8>=850,Uncertainties_estimation!J8<=1350,Uncertainties_estimation!J6="PC",Uncertainties_estimation!J10>0.4*Uncertainties_estimation!J11),"Yes","No")) -> Yes
B16: Uncertainties due to measuring instruments
B17: Source of uncertainty | C17: Standard uncertainty component u(xi) | D17: Type of uncertainty | E17: Units | F17: Dist. (n sigma) | G17: U (%) | H17: Distr. Coeff. | I17: Sensitivity coefficient ci | J17: u(xi) | K17: (u(xi))2 | L17: (ci u(xi))4/ni
B18: =Uncertainties_sources!C5 -> Relative uncertainty arising from the instability of the optical source | C18: =Uncertainties_sources!B5 -> 5.2.5.1 | D18: =Uncertainties_sources!D5 -> B or A | E18: =Uncertainties_sources!E5 -> % | F18: =Uncertainties_sources!F5 -> Rectangular (1) | G18: =Uncertainties_sources!G5 -> 1.15 | H18: =Uncertainties_sources!I5 -> 1 | I18: =IF(Uncertainties_estimation!J$5="SM-1 cord",Uncertainties_sources!D27,IF(Uncertainties_estimation!J$5="14763-3 SM Link",Uncertainties_sources!D27,IF(Uncertainties_estimation!J$5="SM-2 cords",Uncertainties_sources!F27,IF(Uncertainties_estimation!J$5="SM-3 cords",Uncertainties_sources!E27,IF(Uncertainties_estimation!J$5="MM-1 cord",Uncertainties_sources!H27,IF(Uncertainties_estimation!J$5="14763-3 MM Link",Uncertainties_sources!H27,IF(Uncertainties_estimation!J$5="MM-2 cords",Uncertainties_sources!J27,IF(Uncertainties_estimation!J$5="MM-3 cords",Uncertainties_sources!I27,IF(Uncertainties_estimation!J$5="14763-3 SM Ch.",Uncertainties_sources!G27,IF(Uncertainties_estimation!J$5="14763-3 MM Ch.",Uncertainties_sources!K27,"")))))))))) -> 1.414 | J18: =G18/H18*I18 -> 1.6261 | K18: =J18^2 -> 2.6442012 | L18: =(I18*J18)^4/Uncertainties_sources!J5 -> 0.13975155
B19: =Uncertainties_sources!C6 -> Relative attenuation uncertainty arising from the uncertainty of the optical source wavelength | C19: =Uncertainties_sources!B6 -> 5.2.5.2 | D19: =Uncertainties_sources!D6 -> B | E19: =Uncertainties_sources!E6 -> % | F19: =Uncertainties_sources!F6 -> Normal (2) | G19: =ABS(Uncertainties_sources!G6) -> 1.1980095 | H19: =Uncertainties_sources!I6 -> 2 | I19: =IF(Uncertainties_estimation!J$5="SM-1 cord",Uncertainties_sources!D28,IF(Uncertainties_estimation!J$5="14763-3 SM Link",Uncertainties_sources!D28,IF(Uncertainties_estimation!J$5="SM-2 cords",Uncertainties_sources!F28,IF(Uncertainties_estimation!J$5="SM-3 cords",Uncertainties_sources!E28,IF(Uncertainties_estimation!J$5="MM-1 cord",Uncertainties_sources!H28,IF(Uncertainties_estimation!J$5="14763-3 MM Link",Uncertainties_sources!H28,IF(Uncertainties_estimation!J$5="MM-2 cords",Uncertainties_sources!J28,IF(Uncertainties_estimation!J$5="MM-3 cords",Uncertainties_sources!I28,IF(Uncertainties_estimation!J$5="14763-3 SM Ch.",Uncertainties_sources!G28,IF(Uncertainties_estimation!J$5="14763-3 MM Ch.",Uncertainties_sources!K28,"")))))))))) -> 1 | J19: =G19/H19*I19 -> 0.59900475 | K19: =J19^2 -> 0.35880669 | L19: =(I19*J19)^4/Uncertainties_sources!J6 -> 0.00064371121
B20: =Uncertainties_sources!C7 -> Relative uncertainty due to the multimode launch condition | C20: =Uncertainties_sources!B7 -> 5.2.5.3 | D20: =Uncertainties_sources!D7 -> B | E20: =Uncertainties_sources!E7 -> % | F20: =Uncertainties_sources!F7 -> Rectangular (1) | G20: =Uncertainties_sources!G7 -> 2.76 | H20: =Uncertainties_sources!I7 -> 1.7320508 | I20: =IF(Uncertainties_estimation!J$5="SM-1 cord",Uncertainties_sources!D29,IF(Uncertainties_estimation!J$5="14763-3 SM Link",Uncertainties_sources!D29,IF(Uncertainties_estimation!J$5="SM-2 cords",Uncertainties_sources!F29,IF(Uncertainties_estimation!J$5="SM-3 cords",Uncertainties_sources!E29,IF(Uncertainties_estimation!J$5="MM-1 cord",Uncertainties_sources!H29,IF(Uncertainties_estimation!J$5="14763-3 MM Link",Uncertainties_sources!H29,IF(Uncertainties_estimation!J$5="MM-2 cords",Uncertainties_sources!J29,IF(Uncertainties_estimation!J$5="MM-3 cords",Uncertainties_sources!I29,IF(Uncertainties_estimation!J$5="14763-3 SM Ch.",Uncertainties_sources!G29,IF(Uncertainties_estimation!J$5="14763-3 MM Ch.",Uncertainties_sources!K29,"")))))))))) -> 0 | J20: =G20/H20*I20 -> 0 | K20: =J20^2 -> 0 | L20: =(I20*J20)^4/Uncertainties_sources!J7 -> 0
B21: =Uncertainties_sources!C8 -> Relative uncertainty arising from the non-linearity of the power meter | C21: =Uncertainties_sources!B8 -> 5.2.5.4 | D21: =Uncertainties_sources!D8 -> B | E21: =Uncertainties_sources!E8 -> % | F21: =Uncertainties_sources!F8 -> Rectangular (1) | G21: =Uncertainties_sources!G8 -> 0.115 | H21: =Uncertainties_sources!I8 -> 1.7320508 | I21: =IF(Uncertainties_estimation!J$5="SM-1 cord",Uncertainties_sources!D30,IF(Uncertainties_estimation!J$5="14763-3 SM Link",Uncertainties_sources!D30,IF(Uncertainties_estimation!J$5="SM-2 cords",Uncertainties_sources!F30,IF(Uncertainties_estimation!J$5="SM-3 cords",Uncertainties_sources!E30,IF(Uncertainties_estimation!J$5="MM-1 cord",Uncertainties_sources!H30,IF(Uncertainties_estimation!J$5="14763-3 MM Link",Uncertainties_sources!H30,IF(Uncertainties_estimation!J$5="MM-2 cords",Uncertainties_sources!J30,IF(Uncertainties_estimation!J$5="MM-3 cords",Uncertainties_sources!I30,IF(Uncertainties_estimation!J$5="14763-3 SM Ch.",Uncertainties_sources!G30,IF(Uncertainties_estimation!J$5="14763-3 MM Ch.",Uncertainties_sources!K30,"")))))))))) -> 1 | J21: =G21/H21*I21 -> 0.066395281 | K21: =J21^2 -> 0.0044083333 | L21: =(I21*J21)^4/Uncertainties_sources!J8 -> 9.7167014e-08
B22: =Uncertainties_sources!C9 -> Relative uncertainty arising from the finite display resolution of power meter | C22: =Uncertainties_sources!B9 -> 5.2.5.5 | D22: =Uncertainties_sources!D9 -> B | E22: =Uncertainties_sources!E9 -> % | F22: =Uncertainties_sources!F9 -> Rectangular (1) | G22: =Uncertainties_sources!G9 -> 0.115 | H22: =Uncertainties_sources!I9 -> 1.7320508 | I22: =IF(Uncertainties_estimation!J$5="SM-1 cord",Uncertainties_sources!D31,IF(Uncertainties_estimation!J$5="14763-3 SM Link",Uncertainties_sources!D31,IF(Uncertainties_estimation!J$5="SM-2 cords",Uncertainties_sources!F31,IF(Uncertainties_estimation!J$5="SM-3 cords",Uncertainties_sources!E31,IF(Uncertainties_estimation!J$5="MM-1 cord",Uncertainties_sources!H31,IF(Uncertainties_estimation!J$5="14763-3 MM Link",Uncertainties_sources!H31,IF(Uncertainties_estimation!J$5="MM-2 cords",Uncertainties_sources!J31,IF(Uncertainties_estimation!J$5="MM-3 cords",Uncertainties_sources!I31,IF(Uncertainties_estimation!J$5="14763-3 SM Ch.",Uncertainties_sources!G31,IF(Uncertainties_estimation!J$5="14763-3 MM Ch.",Uncertainties_sources!K31,"")))))))))) -> 1.414 | J22: =G22/H22*I22 -> 0.093882927 | K22: =J22^2 -> 0.008814004 | L22: =(I22*J22)^4/Uncertainties_sources!J9 -> 3.1055901e-103
B23: =Uncertainties_sources!C10 -> Relative uncertainty arising from power meter spatial sensitivity. | C23: =Uncertainties_sources!B10 -> 5.2.5.6 | D23: =Uncertainties_sources!D10 -> B | E23: =Uncertainties_sources!E10 -> % | F23: =Uncertainties_sources!F10 -> Rectangular (1) | G23: =Uncertainties_sources!G10 -> 0 | H23: =Uncertainties_sources!I10 -> 1.7320508 | I23: =IF(Uncertainties_estimation!J$5="SM-1 cord",Uncertainties_sources!D32,IF(Uncertainties_estimation!J$5="14763-3 SM Link",Uncertainties_sources!D32,IF(Uncertainties_estimation!J$5="SM-2 cords",Uncertainties_sources!F32,IF(Uncertainties_estimation!J$5="SM-3 cords",Uncertainties_sources!E32,IF(Uncertainties_estimation!J$5="MM-1 cord",Uncertainties_sources!H32,IF(Uncertainties_estimation!J$5="14763-3 MM Link",Uncertainties_sources!H32,IF(Uncertainties_estimation!J$5="MM-2 cords",Uncertainties_sources!J32,IF(Uncertainties_estimation!J$5="MM-3 cords",Uncertainties_sources!I32,IF(Uncertainties_estimation!J$5="14763-3 SM Ch.",Uncertainties_sources!G32,IF(Uncertainties_estimation!J$5="14763-3 MM Ch.",Uncertainties_sources!K32,"")))))))))) -> 1.414 | J23: =G23/H23*I23 -> 0 | K23: =J23^2 -> 0 | L23: =(I23*J23)^4/Uncertainties_sources!J10 -> 0
B24: =Uncertainties_sources!C11 -> Relative uncertainty arising from the polarization dependency of power meter | C24: =Uncertainties_sources!B11 -> 5.2.6.7 | D24: =Uncertainties_sources!D11 -> B | E24: =Uncertainties_sources!E11 -> % | F24: =Uncertainties_sources!F11 -> Rectangular (1) | G24: =Uncertainties_sources!G11 -> 0.115 | H24: =Uncertainties_sources!I11 -> 1.7320508 | I24: =IF(Uncertainties_estimation!J$5="SM-1 cord",Uncertainties_sources!D33,IF(Uncertainties_estimation!J$5="14763-3 SM Link",Uncertainties_sources!D33,IF(Uncertainties_estimation!J$5="SM-2 cords",Uncertainties_sources!F33,IF(Uncertainties_estimation!J$5="SM-3 cords",Uncertainties_sources!E33,IF(Uncertainties_estimation!J$5="MM-1 cord",Uncertainties_sources!H33,IF(Uncertainties_estimation!J$5="14763-3 MM Link",Uncertainties_sources!H33,IF(Uncertainties_estimation!J$5="MM-2 cords",Uncertainties_sources!J33,IF(Uncertainties_estimation!J$5="MM-3 cords",Uncertainties_sources!I33,IF(Uncertainties_estimation!J$5="14763-3 SM Ch.",Uncertainties_sources!G33,IF(Uncertainties_estimation!J$5="14763-3 MM Ch.",Uncertainties_sources!K33,"")))))))))) -> 1.414 | J24: =G24/H24*I24 -> 0.093882927 | K24: =J24^2 -> 0.008814004 | L24: =(I24*J24)^4/Uncertainties_sources!J11 -> 1.552795e-06
B25: =Uncertainties_sources!C12 -> Relative uncertainty arising from power meter noise | C25: =Uncertainties_sources!B12 -> 5.2.5.8 | D25: =Uncertainties_sources!D12 -> B | E25: =Uncertainties_sources!E12 -> % | F25: =Uncertainties_sources!F12 -> Rectangular (1) | G25: =Uncertainties_sources!G12 -> -2.8985507e-09 | H25: =Uncertainties_sources!I12 -> 1.7320508 | I25: =IF(Uncertainties_estimation!J$5="SM-1 cord",Uncertainties_sources!D34,IF(Uncertainties_estimation!J$5="14763-3 SM Link",Uncertainties_sources!D34,IF(Uncertainties_estimation!J$5="SM-2 cords",Uncertainties_sources!F34,IF(Uncertainties_estimation!J$5="SM-3 cords",Uncertainties_sources!E34,IF(Uncertainties_estimation!J$5="MM-1 cord",Uncertainties_sources!H34,IF(Uncertainties_estimation!J$5="14763-3 MM Link",Uncertainties_sources!H34,IF(Uncertainties_estimation!J$5="MM-2 cords",Uncertainties_sources!J34,IF(Uncertainties_estimation!J$5="MM-3 cords",Uncertainties_sources!I34,IF(Uncertainties_estimation!J$5="14763-3 SM Ch.",Uncertainties_sources!G34,IF(Uncertainties_estimation!J$5="14763-3 MM Ch.",Uncertainties_sources!K34,"")))))))))) -> 1.414 | J25: =G25/H25*I25 -> -2.3662994e-09 | K25: =J25^2 -> 5.5993727e-18 | L25: =(I25*J25)^4/Uncertainties_sources!J12 -> 6.266808e-39
B26: =Uncertainties_sources!C13 -> Relative uncertainty arising from power meter instability | C26: =Uncertainties_sources!B13 -> 5.2.5.9 | D26: =Uncertainties_sources!D13 -> B | E26: =Uncertainties_sources!E13 -> % | F26: =Uncertainties_sources!F13 -> Normal (2) | G26: =Uncertainties_sources!G13 -> 0.1 | H26: =Uncertainties_sources!I13 -> 2 | I26: =IF(Uncertainties_estimation!J$5="SM-1 cord",Uncertainties_sources!D35,IF(Uncertainties_estimation!J$5="14763-3 SM Link",Uncertainties_sources!D35,IF(Uncertainties_estimation!J$5="SM-2 cords",Uncertainties_sources!F35,IF(Uncertainties_estimation!J$5="SM-3 cords",Uncertainties_sources!E35,IF(Uncertainties_estimation!J$5="MM-1 cord",Uncertainties_sources!H35,IF(Uncertainties_estimation!J$5="14763-3 MM Link",Uncertainties_sources!H35,IF(Uncertainties_estimation!J$5="MM-2 cords",Uncertainties_sources!J35,IF(Uncertainties_estimation!J$5="MM-3 cords",Uncertainties_sources!I35,IF(Uncertainties_estimation!J$5="14763-3 SM Ch.",Uncertainties_sources!G35,IF(Uncertainties_estimation!J$5="14763-3 MM Ch.",Uncertainties_sources!K35,"")))))))))) -> 1.414 | J26: =G26/H26*I26 -> 0.0707 | K26: =J26^2 -> 0.00499849 | L26: =(I26*J26)^4/Uncertainties_sources!J13 -> 4.9939627e-07
B27: =Uncertainties_sources!C14 -> Relative uncertainties of the absolute power measurements | C27: =Uncertainties_sources!B14 -> 5.2.5.10 | D27: =Uncertainties_sources!D14 -> B | E27: =Uncertainties_sources!E14 -> % | F27: =Uncertainties_sources!F14 -> Normal (2) | G27: =Uncertainties_sources!G14 -> 0 | H27: =Uncertainties_sources!I14 -> 2 | I27: =IF(Uncertainties_estimation!J$5="SM-1 cord",Uncertainties_sources!D36,IF(Uncertainties_estimation!J$5="14763-3 SM Link",Uncertainties_sources!D36,IF(Uncertainties_estimation!J$5="SM-2 cords",Uncertainties_sources!F36,IF(Uncertainties_estimation!J$5="SM-3 cords",Uncertainties_sources!E36,IF(Uncertainties_estimation!J$5="MM-1 cord",Uncertainties_sources!H36,IF(Uncertainties_estimation!J$5="14763-3 MM Link",Uncertainties_sources!H36,IF(Uncertainties_estimation!J$5="MM-2 cords",Uncertainties_sources!J36,IF(Uncertainties_estimation!J$5="MM-3 cords",Uncertainties_sources!I36,IF(Uncertainties_estimation!J$5="14763-3 SM Ch.",Uncertainties_sources!G36,IF(Uncertainties_estimation!J$5="14763-3 MM Ch.",Uncertainties_sources!K36,"")))))))))) -> 1.414 | J27: =G27/H27*I27 -> 0 | K27: =J27^2 -> 0 | L27: =(I27*J27)^4/Uncertainties_sources!J14 -> 0
K28: =SQRT(SUM(K18:K27)) -> 1.7407018 | L28: =SUM(L18:L27) -> 0.14039741
B29: Relative uncertainty due to the setup
B30: Source of uncertainty | C30: Standard uncertainty component u(xi) | D30: Type of uncertainty | E30: Units | F30: Dist. (n sigma) | G30: U (%) | H30: Distr. Coeff. | I30: Sensitivity coefficient ci | J30: u(xi) | K30: (u(xi))2 | L30: (ci u(xi))4/ni
B31: =Uncertainties_sources!C15 -> Relative uncertainties due to mating reproducibility | C31: =Uncertainties_sources!B15 -> 5.2.6.1 | D31: =Uncertainties_sources!D15 -> B | E31: =Uncertainties_sources!E15 -> % | F31: =Uncertainties_sources!F15 -> Rectangular (1) | G31: =Uncertainties_sources!G15 -> 2.3 | H31: =Uncertainties_sources!I15 -> 1.7320508 | I31: =IF(Uncertainties_estimation!J$5="SM-1 cord",Uncertainties_sources!D37,IF(Uncertainties_estimation!J$5="14763-3 SM Link",Uncertainties_sources!D37,IF(Uncertainties_estimation!J$5="SM-2 cords",Uncertainties_sources!F37,IF(Uncertainties_estimation!J$5="SM-3 cords",Uncertainties_sources!E37,IF(Uncertainties_estimation!J$5="MM-1 cord",Uncertainties_sources!H37,IF(Uncertainties_estimation!J$5="14763-3 MM Link",Uncertainties_sources!H37,IF(Uncertainties_estimation!J$5="MM-2 cords",Uncertainties_sources!J37,IF(Uncertainties_estimation!J$5="MM-3 cords",Uncertainties_sources!I37,IF(Uncertainties_estimation!J$5="14763-3 SM Ch.",Uncertainties_sources!G37,IF(Uncertainties_estimation!J$5="14763-3 MM Ch.",Uncertainties_sources!K37,"")))))))))) -> 0 | J31: =G31/H31*I31 -> 0 | K31: =J31^2 -> 0 | L31: =(I31*J31)^4/Uncertainties_sources!J15 -> 0
B32: =Uncertainties_sources!C16 -> Relative uncertainty related to the repeatability of the reference connector mating. | C32: =Uncertainties_sources!B16 -> 5.2.6.2 | D32: =Uncertainties_sources!D16 -> B | E32: =Uncertainties_sources!E16 -> % | F32: =Uncertainties_sources!F16 -> Rectangular (1) | G32: =Uncertainties_sources!G16 -> 1.15 | H32: =Uncertainties_sources!I16 -> 1.7320508 | I32: =IF(Uncertainties_estimation!J$5="SM-1 cord",Uncertainties_sources!D38,IF(Uncertainties_estimation!J$5="14763-3 SM Link",Uncertainties_sources!D38,IF(Uncertainties_estimation!J$5="SM-2 cords",Uncertainties_sources!F38,IF(Uncertainties_estimation!J$5="SM-3 cords",Uncertainties_sources!E38,IF(Uncertainties_estimation!J$5="MM-1 cord",Uncertainties_sources!H38,IF(Uncertainties_estimation!J$5="14763-3 MM Link",Uncertainties_sources!H38,IF(Uncertainties_estimation!J$5="MM-2 cords",Uncertainties_sources!J38,IF(Uncertainties_estimation!J$5="MM-3 cords",Uncertainties_sources!I38,IF(Uncertainties_estimation!J$5="14763-3 SM Ch.",Uncertainties_sources!G38,IF(Uncertainties_estimation!J$5="14763-3 MM Ch.",Uncertainties_sources!K38,"")))))))))) -> 0 | J32: =G32/H32*I32 -> 0 | K32: =J32^2 -> 0 | L32: =(I32*J32)^4/Uncertainties_sources!J16 -> 0
B33: =Uncertainties_sources!C17 -> Relative uncertainty related to the PDL of the reference APC connectors. | C33: =Uncertainties_sources!B17 -> 5.2.6.3 | D33: =Uncertainties_sources!D17 -> B | E33: =Uncertainties_sources!E17 -> % | F33: =Uncertainties_sources!F17 -> Rectangular (1) | G33: =Uncertainties_sources!G17 -> 0 | H33: =Uncertainties_sources!I17 -> 1.7320508 | I33: =IF(Uncertainties_estimation!J$5="SM-1 cord",Uncertainties_sources!D39,IF(Uncertainties_estimation!J$5="14763-3 SM Link",Uncertainties_sources!D39,IF(Uncertainties_estimation!J$5="SM-2 cords",Uncertainties_sources!F39,IF(Uncertainties_estimation!J$5="SM-3 cords",Uncertainties_sources!E39,IF(Uncertainties_estimation!J$5="MM-1 cord",Uncertainties_sources!H39,IF(Uncertainties_estimation!J$5="14763-3 MM Link",Uncertainties_sources!H39,IF(Uncertainties_estimation!J$5="MM-2 cords",Uncertainties_sources!J39,IF(Uncertainties_estimation!J$5="MM-3 cords",Uncertainties_sources!I39,IF(Uncertainties_estimation!J$5="14763-3 SM Ch.",Uncertainties_sources!G39,IF(Uncertainties_estimation!J$5="14763-3 MM Ch.",Uncertainties_sources!K39,"")))))))))) -> 1 | J33: =G33/H33*I33 -> 0 | K33: =J33^2 -> 0 | L33: =(I33*J33)^4/Uncertainties_sources!J17 -> 0
K34: =SQRT(SUM(K31:K33)) -> 0 | L34: =SUM(L31:L33) -> 0
B35: Relative uncertainties due to cabling
B36: Source of uncertainty | C36: Standard uncertainty component u(xi) | D36: Type of uncertainty | E36: Units | F36: Dist. (n sigma) | G36: U (%) | H36: Distr. Coeff. | I36: Sensitivity coefficient ci | J36: u(xi) | K36: (u(xi))2 | L36: (ci u(xi))4/ni
B37: =Uncertainties_sources!C18 -> Relative uncertainties due to mating reproducibility | C37: =Uncertainties_sources!B18 -> 5.2.7.1 | D37: =Uncertainties_sources!D18 -> B | E37: =Uncertainties_sources!E18 -> % | F37: =Uncertainties_sources!F18 -> Rectangular (1) | G37: =Uncertainties_sources!G18 -> 2.3 | H37: =Uncertainties_sources!I18 -> 1.7320508 | I37: =IF(Uncertainties_estimation!J$5="SM-1 cord",Uncertainties_sources!D40,IF(Uncertainties_estimation!J$5="14763-3 SM Link",Uncertainties_sources!D40,IF(Uncertainties_estimation!J$5="SM-2 cords",Uncertainties_sources!F40,IF(Uncertainties_estimation!J$5="SM-3 cords",Uncertainties_sources!E40,IF(Uncertainties_estimation!J$5="MM-1 cord",Uncertainties_sources!H40,IF(Uncertainties_estimation!J$5="14763-3 MM Link",Uncertainties_sources!H40,IF(Uncertainties_estimation!J$5="MM-2 cords",Uncertainties_sources!J40,IF(Uncertainties_estimation!J$5="MM-3 cords",Uncertainties_sources!I40,IF(Uncertainties_estimation!J$5="14763-3 SM Ch.",Uncertainties_sources!G40,IF(Uncertainties_estimation!J$5="14763-3 MM Ch.",Uncertainties_sources!K40,"")))))))))) -> 1.414 | J37: =G37/H37*I37 -> 1.8776585 | K37: =J37^2 -> 3.5256016 | L37: =(I37*J37)^4/Uncertainties_sources!J18 -> 0.0099378882
B38: =Uncertainties_sources!C19 -> Relative uncertainty related to the repeatability of the reference connector mating to cabling connectors | C38: =Uncertainties_sources!B19 -> 5.2.7.2 | D38: =Uncertainties_sources!D19 -> B | E38: =Uncertainties_sources!E19 -> % | F38: =Uncertainties_sources!F19 -> Rectangular (1) | G38: =Uncertainties_sources!G19 -> 1.15 | H38: =Uncertainties_sources!I19 -> 1.7320508 | I38: =IF(Uncertainties_estimation!J$5="SM-1 cord",Uncertainties_sources!D41,IF(Uncertainties_estimation!J$5="14763-3 SM Link",Uncertainties_sources!D41,IF(Uncertainties_estimation!J$5="SM-2 cords",Uncertainties_sources!F41,IF(Uncertainties_estimation!J$5="SM-3 cords",Uncertainties_sources!E41,IF(Uncertainties_estimation!J$5="MM-1 cord",Uncertainties_sources!H41,IF(Uncertainties_estimation!J$5="14763-3 MM Link",Uncertainties_sources!H41,IF(Uncertainties_estimation!J$5="MM-2 cords",Uncertainties_sources!J41,IF(Uncertainties_estimation!J$5="MM-3 cords",Uncertainties_sources!I41,IF(Uncertainties_estimation!J$5="14763-3 SM Ch.",Uncertainties_sources!G41,IF(Uncertainties_estimation!J$5="14763-3 MM Ch.",Uncertainties_sources!K41,"")))))))))) -> 1.414 | J38: =G38/H38*I38 -> 0.93882927 | K38: =J38^2 -> 0.8814004 | L38: =(I38*J38)^4/Uncertainties_sources!J19 -> 0.00062111801
B39: =Uncertainties_sources!C20 -> Relative uncertainty related to the PDL of the cabling APC connectors | C39: =Uncertainties_sources!B20 -> 5.2.7.3 | D39: =Uncertainties_sources!D20 -> B | E39: =Uncertainties_sources!E20 -> % | F39: =Uncertainties_sources!F20 -> Rectangular (1) | G39: =Uncertainties_sources!G20 -> 0 | H39: =Uncertainties_sources!I20 -> 1.7320508 | I39: =IF(Uncertainties_estimation!J$5="SM-1 cord",Uncertainties_sources!D42,IF(Uncertainties_estimation!J$5="14763-3 SM Link",Uncertainties_sources!D42,IF(Uncertainties_estimation!J$5="SM-2 cords",Uncertainties_sources!F42,IF(Uncertainties_estimation!J$5="SM-3 cords",Uncertainties_sources!E42,IF(Uncertainties_estimation!J$5="MM-1 cord",Uncertainties_sources!H42,IF(Uncertainties_estimation!J$5="14763-3 MM Link",Uncertainties_sources!H42,IF(Uncertainties_estimation!J$5="MM-2 cords",Uncertainties_sources!J42,IF(Uncertainties_estimation!J$5="MM-3 cords",Uncertainties_sources!I42,IF(Uncertainties_estimation!J$5="14763-3 SM Ch.",Uncertainties_sources!G42,IF(Uncertainties_estimation!J$5="14763-3 MM Ch.",Uncertainties_sources!K42,"")))))))))) -> 1.732 | J39: =G39/H39*I39 -> 0 | K39: =J39^2 -> 0 | L39: =(I39*J39)^4/Uncertainties_sources!J20 -> 0
K40: =SQRT(SUM(K37:K39)) -> 2.0992861 | L40: =SUM(L37:L39) -> 0.010559006
B41: Effective degrees of freedom
L42: neff
L43: =D9^4/(L28+L34+L40) -> 366.39472

Sheet Uncertainties_sources
C2: Determination of the uncertainties of the attenuation measurements in fibre plants | J2: IEC 61282-14 Supplemental Data for Section 8
B4: Reference | C4: Source of uncertainty | D4: Type of uncertainty | E4: Units | F4: Dist. (n sigma) | G4: % | H4: dB | I4: Distr. Coeff. | J4: n | K4: Comments
B5: 5.2.5.1 | C5: Relative uncertainty arising from the instability of the optical source | D5: B or A | E5: % | F5: Rectangular (1) | G5: =23*H5 -> 1.15 | H5: 0.05 | I5: 1 | J5: 200 | K5: Assume Equ C2 is used. | N5: 3.992e+20 | O5: -1.844e+15 | P5: =$L$4+$M$4*$A29+$N$4*$A29^2+$O$4*$A29^3+$P$4*$A29^4+$Q$4*$A29^5+$R$4*($A29^6) -> 0
B6: 5.2.5.2 | C6: Relative attenuation uncertainty arising from the uncertainty of the optical source wavelength | D6: B | E6: % | F6: Normal (2) | G6: =100000*Uncertainties_estimation!J11*Uncertainties_estimation!J9*IF(OR(Uncertainties_estimation!J5="SM-1 cord",Uncertainties_estimation!J5="SM-2 cords",Uncertainties_estimation!J5="SM-3 cords",Uncertainties_estimation!J5="14763-3 SM Ch.",Uncertainties_estimation!J5="14763-3 SM Link"),IF(Uncertainties_estimation!J8<1385,S8+2*T8*Uncertainties_estimation!J8+3*U8*Uncertainties_estimation!J8^2+4*V8*Uncertainties_estimation!J8^3+5*W8*Uncertainties_estimation!J8^4+6*X8*Uncertainties_estimation!J8^5,S9+2*T9*Uncertainties_estimation!J8+3*U9*Uncertainties_estimation!J8^2+4*V9*Uncertainties_estimation!J8^3+5*W9*Uncertainties_estimation!J8^4+6*X9*Uncertainties_estimation!J8^5),(S7+2*T7*Uncertainties_estimation!J8+3*U7*Uncertainties_estimation!J8^2+4*V7*Uncertainties_estimation!J8^3+5*W7*Uncertainties_estimation!J8^4+6*X7*Uncertainties_estimation!J8^5)) -> -1.1980095 | H6: =0.0434*ABS(G6) -> 0.051993612 | I6: =IF(F6="Rectangular (1)", SQRT(3),IF(F6="Rectangular (2)",2*SQRT(3),IF(F6="Normal (2)",2,IF(F6="Normal (3)",3,1)))) -> 2 | J6: 200 | K6: See C.2.4 | N6: =(3*N5*(Uncertainties_estimation!J8*0.000000001)^2+2*Uncertainties_sources!O5*(Uncertainties_estimation!J8*0.000000001)+Uncertainties_sources!P5)*(Uncertainties_estimation!J9*0.000000001) -> -85.17498 | Q6: Domain (nm) | R6: a0 | S6: a1 | T6: a2 | U6: a3 | V6: a4 | W6: a5 | X6: a6
B7: 5.2.5.3 | C7: Relative uncertainty due to the multimode launch condition | D7: B | E7: % | F7: Rectangular (1) | G7: =IF(Uncertainties_estimation!J8<1075,IF((Uncertainties_estimation!J10-2.35*Uncertainties_estimation!J11)<0.08,0.08*23,23*0.1*(Uncertainties_estimation!J10-2.35*Uncertainties_estimation!J11)),IF((Uncertainties_estimation!J10-0.56*Uncertainties_estimation!J11)<0.12,0.12*23,23*0.2*(Uncertainties_estimation!J10-0.56*Uncertainties_estimation!J11))) -> 2.76 | H7: =0.0434*ABS(G7) -> 0.119784 | I7: =IF(F7="Rectangular (1)", SQRT(3),IF(F7="Rectangular (2)",2*SQRT(3),IF(F7="Normal (2)",2,IF(F7="Normal (3)",3,1)))) -> 1.7320508 | J7: =IF(Uncertainties_estimation!J8<1075,3.7,4.5) -> 4.5 | K7: See C.2.6 | P7: MM A1 | Q7: 800 to 1350 nm | R7: 0.524188 | S7: -0.00293783 | T7: 6.85036e-06 | U7: -8.48588e-09 | V7: 5.88355e-12 | W7: -2.1638e-15 | X7: 3.29725e-19
B8: 5.2.5.4 | C8: Relative uncertainty arising from the non-linearity of the power meter | D8: B | E8: % | F8: Rectangular (1) | G8: =IF(Uncertainties_estimation!J7=1,0.005*23,IF(Uncertainties_estimation!J7=2,0,"")) -> 0.115 | H8: =0.0434*ABS(G8) -> 0.004991 | I8: =IF(F8="Rectangular (1)", SQRT(3),IF(F8="Rectangular (2)",2*SQRT(3),IF(F8="Normal (2)",2,IF(F8="Normal (3)",3,1)))) -> 1.7320508 | J8: 200 | K8: Turned to 0 if "J6"=2; See note 1 | N8: =(3*399200000000000000000*(Uncertainties_estimation!$J$8*0.000000001)^2+2*-1844000000000000*(Uncertainties_estimation!$J$8*0.000000001)+2838000000)*(Uncertainties_estimation!$J$9*0.000000001) -> -0.03498 | O8: dB | P8: SM B1.3 | Q8: 1285 to 1385 nm | R8: -0.075108 | S8: 0.000171989 | T8: -1.30954e-07 | U8: 3.31881e-11 | V8: 0 | W8: 0 | X8: 0
B9: 5.2.5.5 | C9: Relative uncertainty arising from the finite display resolution of power meter | D9: B | E9: % | F9: Rectangular (1) | G9: =23*H9 -> 0.115 | H9: 0.005 | I9: =IF(F9="Rectangular (1)", SQRT(3),IF(F9="Rectangular (2)",2*SQRT(3),IF(F9="Normal (2)",2,IF(F9="Normal (3)",3,1)))) -> 1.7320508 | J9: 1e+99 | K9: 0.005 dB | P9: SM B1.3 | Q9: 1385 to 1675 nm | R9: 0.13756 | S9: -0.000362394 | T9: 3.58679e-07 | U9: -1.57987e-10 | V9: 2.61247e-14 | W9: 0 | X9: 0
B10: 5.2.5.6 | C10: Relative uncertainty arising from power meter spatial sensitivity. | D10: B | E10: % | F10: Rectangular (1) | G10: 0 | H10: =0.0434*ABS(G10) -> 0 | I10: =IF(F10="Rectangular (1)", SQRT(3),IF(F10="Rectangular (2)",2*SQRT(3),IF(F10="Normal (2)",2,IF(F10="Normal (3)",3,1)))) -> 1.7320508 | J10: 200 | K10: 0 it is assumed note 2 apply all time | N10: =ABS((10^(((3*399200000000000000000*(Uncertainties_estimation!$J$8*0.000000001)^2+2*-1844000000000000*(Uncertainties_estimation!$J$8*0.000000001)+2838000000)*(Uncertainties_estimation!$J$9*0.000000001))/10)-1)*100) -> 0.80220925 | P10: 0.53552378
B11: 5.2.6.7 | C11: Relative uncertainty arising from the polarization dependency of power meter | D11: B | E11: % | F11: Rectangular (1) | G11: =IF(Uncertainties_estimation!J6="APC",0.01*23,IF(Uncertainties_estimation!J6="PC",0.005*23,"")) -> 0.115 | H11: =0.0434*ABS(G11) -> 0.004991 | I11: =IF(F11="Rectangular (1)", SQRT(3),IF(F11="Rectangular (2)",2*SQRT(3),IF(F11="Normal (2)",2,IF(F11="Normal (3)",3,1)))) -> 1.7320508 | J11: 200 | K11: 0.01 dB APC; 0.005 dB PC
B12: 5.2.5.8 | C12: Relative uncertainty arising from power meter noise | D12: B | E12: % | F12: Rectangular (1) | G12: =0.00000001/((Uncertainties_estimation!J12-Uncertainties_estimation!J10)*0.23) -> -2.8985507e-09 | H12: =0.0434*ABS(G12) -> 1.257971e-10 | I12: =IF(F12="Rectangular (1)", SQRT(3),IF(F12="Rectangular (2)",2*SQRT(3),IF(F12="Normal (2)",2,IF(F12="Normal (3)",3,1)))) -> 1.7320508 | J12: 20000 | K12: See C.2.2 100 pW noise
B13: 5.2.5.9 | C13: Relative uncertainty arising from power meter instability | D13: B | E13: % | F13: Normal (2) | G13: 0.1 | H13: =0.0434*ABS(G13) -> 0.00434 | I13: =IF(F13="Rectangular (1)", SQRT(3),IF(F13="Rectangular (2)",2*SQRT(3),IF(F13="Normal (2)",2,IF(F13="Normal (3)",3,1)))) -> 2 | J13: 200 | K13: 0.001
B14: 5.2.5.10 | C14: Relative uncertainties of the absolute power measurements | D14: B | E14: % | F14: Normal (2) | G14: =IF(Uncertainties_estimation!J7=2,0.2*23,IF(Uncertainties_estimation!J7=1,0,"")) -> 0 | H14: =0.0434*ABS(G14) -> 0 | I14: 2 | J14: 200 | K14: 0.2 dB if "J6"=2. See note 3
B15: 5.2.6.1 | C15: Relative uncertainties due to mating reproducibility | D15: B | E15: % | F15: Rectangular (1) | G15: =23*H15 -> 2.3 | H15: 0.1 | I15: =IF(F15="Rectangular (1)", SQRT(3),IF(F15="Rectangular (2)",2*SQRT(3),IF(F15="Normal (2)",2,IF(F15="Normal (3)",3,1)))) -> 1.7320508 | J15: 5000
B16: 5.2.6.2 | C16: Relative uncertainty related to the repeatability of the reference connector mating. | D16: B | E16: % | F16: Rectangular (1) | G16: =23*H16 -> 1.15 | H16: 0.05 | I16: =IF(F16="Rectangular (1)", SQRT(3),IF(F16="Rectangular (2)",2*SQRT(3),IF(F16="Normal (2)",2,IF(F16="Normal (3)",3,1)))) -> 1.7320508 | J16: 5000
B17: 5.2.6.3 | C17: Relative uncertainty related to the PDL of the reference APC connectors. | D17: B | E17: % | F17: Rectangular (1) | G17: =IF(Uncertainties_estimation!J6="APC",0.018*23,IF(Uncertainties_estimation!J6="PC",0,"")) -> 0 | H17: =0.0434*ABS(G17) -> 0 | I17: =IF(F17="Rectangular (1)", SQRT(3),IF(F17="Rectangular (2)",2*SQRT(3),IF(F17="Normal (2)",2,IF(F17="Normal (3)",3,1)))) -> 1.7320508 | J17: 200 | K17: 0.018 dB if applicable. C.2.7 & note 4
B18: 5.2.7.1 | C18: Relative uncertainties due to mating reproducibility | D18: B | E18: % | F18: Rectangular (1) | G18: =23*H18 -> 2.3 | H18: 0.1 | I18: =IF(F18="Rectangular (1)", SQRT(3),IF(F18="Rectangular (2)",2*SQRT(3),IF(F18="Normal (2)",2,IF(F18="Normal (3)",3,1)))) -> 1.7320508 | J18: 5000
B19: 5.2.7.2 | C19: Relative uncertainty related to the repeatability of the reference connector mating to cabling connectors | D19: B | E19: % | F19: Rectangular (1) | G19: =23*H19 -> 1.15 | H19: 0.05 | I19: =IF(F19="Rectangular (1)", SQRT(3),IF(F19="Rectangular (2)",2*SQRT(3),IF(F19="Normal (2)",2,IF(F19="Normal (3)",3,1)))) -> 1.7320508 | J19: 5000
B20: 5.2.7.3 | C20: Relative uncertainty related to the PDL of the cabling APC connectors | D20: B | E20: % | F20: Rectangular (1) | G20: =IF(Uncertainties_estimation!J6="APC",0.018*23,IF(Uncertainties_estimation!J6="PC",0,"")) -> 0 | H20: =0.0434*ABS(G20) -> 0 | I20: =IF(F20="Rectangular (1)", SQRT(3),IF(F20="Rectangular (2)",2*SQRT(3),IF(F20="Normal (2)",2,IF(F20="Normal (3)",3,1)))) -> 1.7320508 | J20: 200 | K20: 0.018 dB if applicable. C.2.7 & note 4
D24: Single Mode | H24: Multimode
D25: 1-cord & 14763-3 Links | E25: 3-cord | F25: 2-cord | G25: 14763-3 Channels | H25: 1-cord & 14763-3 Links | I25: 3-cord | J25: 2-cord | K25: 14763-3 Channels
B26: Reference | C26: Source of uncertainty | D26: Sensibility coefficients (ci)
B27: 5.2.5.1 | C27: Relative uncertainty arising from the instability of the optical source | D27: 1.414 | E27: 1.414 | F27: 1.414 | G27: 1.414 | H27: 1.414 | I27: 1.414 | J27: 1.414 | K27: 1.414
B28: 5.2.5.2 | C28: Relative attenuation uncertainty arising from the uncertainty of the optical source wavelength | D28: 1 | E28: 1 | F28: 1 | G28: 1 | H28: 1 | I28: 1 | J28: 1 | K28: 1
B29: 5.2.5.3 | C29: Relative uncertainty due to the multimode launch condition | D29: 0 | E29: 0 | F29: 0 | G29: 0 | H29: 1 | I29: 1 | J29: 1 | K29: 1
B30: 5.2.5.4 | C30: Relative uncertainty arising from the non-linearity of the power meter | D30: 1 | E30: 1 | F30: 1 | G30: 1 | H30: 1 | I30: 1 | J30: 1 | K30: 1
B31: 5.2.5.5 | C31: Relative uncertainty arising from the finite display resolution of power meter | D31: 1.414 | E31: 1.414 | F31: 1.414 | G31: 1.414 | H31: 1.414 | I31: 1.414 | J31: 1.414 | K31: 1.414
B32: 5.2.5.6 | C32: Relative uncertainty arising from power meter spatial sensitivity | D32: 1.414 | E32: 1.414 | F32: 1.414 | G32: 1.414 | H32: 0 | I32: 0 | J32: 0 | K32: 0
B33: 5.2.6.7 | C33: Relative uncertainty arising from the polarization dependency of power meter | D33: 1.414 | E33: 1.414 | F33: 1.414 | G33: 1.414 | H33: 0 | I33: 0 | J33: 0 | K33: 0
B34: 5.2.5.8 | C34: Relative uncertainty arising from power meter noise | D34: 1.414 | E34: 1.414 | F34: 1.414 | G34: 1.414 | H34: 1.414 | I34: 1.414 | J34: 1.414 | K34: 1.414
B35: 5.2.5.9 | C35: Relative uncertainty arising from power meter instability | D35: 1.414 | E35: 1.414 | F35: 1.414 | G35: 1.414 | H35: 1.414 | I35: 1.414 | J35: 1.414 | K35: 1.414
B36: 5.2.5.10 | C36: Relative uncertainties of the absolute power measurements | D36: 1.414 | E36: 1.414 | F36: 1.414 | G36: 1.414 | H36: 1.414 | I36: 1.414 | J36: 1.414 | K36: 1.414
B37: 5.2.6.1 | C37: Relative uncertainties due to mating reproducibility | D37: 0 | E37: 1.414 | F37: 1 | G37: 0 | H37: 0 | I37: 1.414 | J37: 1 | K37: 0
B38: 5.2.6.2 | C38: Relative uncertainty related to the repeatability of the reference connector mating | D38: 0 | E38: 1.414 | F38: 1 | G38: 0 | H38: 0 | I38: 1.414 | J38: 1 | K38: 0
... B42: 5.2.7.3 | C42: Relative uncertainty related to the PDL of the cabling APC connectors | D42: 1.732 | E42: 1.732 | F42: 1.732 | G42: 1.732 | H42: 0 | I42: 0 | J42: 0 | K42: 0
